enabled,namespace,key,source_hash,source,translation,category,confirmed_in_2025_dump
1,Content,1621058252,1621058252,Aberrant Achatina,Achatina aberrante,tabla_usuario,1
1,Content,677671683,677671683,Aberrant Anglerfish,Pez Abisal aberrante,tabla_usuario,1
1,Content,2468460652,2468460652,Aberrant Ankylosaurus,Ankylosaurio aberrante,tabla_usuario,1
1,Content,4191882268,4191882268,Aberrant Araneo,Araneo aberrante,tabla_usuario,1
1,Content,2938218416,2938218416,Aberrant Arthropluera,Arthropluera aberrante,tabla_usuario,1
1,Content,815840985,815840985,Aberrant Baryonyx,Baryonyx aberrante,tabla_usuario,1
1,Content,3339621888,3339621888,Aberrant Beelzebufo,Beelzebufo aberrante,tabla_usuario,1
1,Content,273052128,273052128,Aberrant Carbonemys,Carbonemys aberrante,tabla_usuario,1
1,Content,3941674277,3941674277,Aberrant Carnotaurus,Carnotauro aberrante,tabla_usuario,1
1,Content,319395843,319395843,Aberrant Cnidaria,Cnidaria aberrante,tabla_usuario,1
1,Content,1865064083,1865064083,Aberrant Coelacanth,Celacanto aberrante,tabla_usuario,1
1,Content,3573762740,3573762740,Aberrant Deinosuchus,Deinosuchus aberrante,tabla_usuario,0
1,Content,1866449876,1866449876,Aberrant Dimetrodon,Dimetrodon aberrante,tabla_usuario,1
1,Content,1145101744,1145101744,Aberrant Dimorphodon,Dimorphodon aberrante,tabla_usuario,1
1,Content,609603874,609603874,Aberrant Diplocaulus,Diplocaulus aberrante,tabla_usuario,1
1,Content,3073705065,3073705065,Aberrant Diplodocus,Diplodocus aberrante,tabla_usuario,1
1,Content,2165895884,2165895884,Aberrant Dire Bear,Oso Gigante aberrante,tabla_usuario,1
1,Content,1063211289,1063211289,Aberrant Dodo,Dodo aberrante,tabla_usuario,1
1,Content,973323254,973323254,Aberrant Doedicurus,Doedicurus aberrante,tabla_usuario,1
1,Content,2803409849,2803409849,Aberrant Dung Beetle,Escarabajo Pelotero aberrante,tabla_usuario,1
1,Content,2013219616,2013219616,Aberrant Electrophorus,Electrophorus aberrante,tabla_usuario,1
1,Content,1256234841,1256234841,Aberrant Equus,Equus aberrante,tabla_usuario,1
1,Content,745058715,745058715,Aberrant Fasolasuchus,Fasolasuchus aberrante,tabla_usuario,1
1,Content,2291231478,2291231478,Aberrant Gigantopithecus,Gigantopithecus aberrante,tabla_usuario,1
1,Content,1681277570,1681277570,Aberrant Gigantoraptor,Gigantoraptor aberrante,tabla_usuario,1
1,Content,1029301672,1029301672,Aberrant Iguanodon,Iguanodon aberrante,tabla_usuario,1
1,Content,2474070019,2474070019,Aberrant Lystrosaurus,Listrosaurio aberrante,tabla_usuario,1
1,Content,2049745165,2049745165,Aberrant Manta,Manta aberrante,tabla_usuario,1
1,Content,3146771031,3146771031,Aberrant Megalania,Megalania aberrante,tabla_usuario,1
1,Content,2621699864,2621699864,Aberrant Megalosaurus,Megalosaurio aberrante,tabla_usuario,1
1,Content,4180391123,4180391123,Aberrant Meganeura,Meganeura aberrante,tabla_usuario,1
1,Content,4225120434,4225120434,Aberrant Moschops,Moschops aberrante,tabla_usuario,1
1,Content,940505168,940505168,Aberrant Otter,Nutria aberrante,tabla_usuario,1
1,Content,768429584,768429584,Aberrant Oviraptor,Oviraptor aberrante,tabla_usuario,1
1,Content,1979666495,1979666495,Aberrant Ovis,Ovis aberrante,tabla_usuario,1
1,Content,4170321601,4170321601,Aberrant Paraceratherium,Paraceratherium aberrante,tabla_usuario,1
1,Content,1671571390,1671571390,Aberrant Parasaur,Parasaurio aberrante,tabla_usuario,1
1,Content,1122427633,1122427633,Aberrant Piranha,Piraña aberrante,tabla_usuario,1
1,Content,1112776898,1112776898,Aberrant Pulmonoscorpius,Pulmonoscorpio aberrante,tabla_usuario,1
1,Content,2554737031,2554737031,Aberrant Purlovia,Purlovia aberrante,tabla_usuario,1
1,Content,202507774,202507774,Aberrant Raptor,Raptor aberrante,tabla_usuario,1
1,Content,4089972568,4089972568,Aberrant Sabertooth Salmon,Salmón Dientes de Sable aberrante,tabla_usuario,0
1,Content,1196208837,1196208837,Aberrant Salmon,Salmón Dientes de Sable aberrante,variante_verificada_adicional,1
1,Content,480357939,480357939,Aberrant Sarco,Sarco aberrante,tabla_usuario,1
1,Content,2992725279,2992725279,Aberrant Spino,Spino aberrante,tabla_usuario,1
1,Content,820261916,820261916,Aberrant Stegosaurus,Estegosaurio aberrante,tabla_usuario,1
1,Content,489214232,489214232,Aberrant Titanoboa,Titanoboa aberrante,tabla_usuario,1
1,Content,1910573987,1910573987,Aberrant Triceratops,Triceratops aberrante,tabla_usuario,1
1,Content,2999587766,2999587766,Aberrant Trilobite,Trilobite aberrante,tabla_usuario,1
1,Content,2090365094,2090365094,Achatina,Achatina,tabla_usuario,1
1,Content,3798851105,3798851105,Acrocanthosaurus,Acrocanthosaurio,tabla_usuario,0
1,Content,2339720462,2339720462,Allosaurus,Alosaurio,tabla_usuario,1
1,Content,457701453,457701453,Alpha Basilisk,Basilisco Alfa,tabla_usuario,1
1,Content,2122811928,2122811928,Alpha Carno,Carnotauro Alfa,tabla_usuario,0
1,Content,1297804770,1297804770,Alpha Carnotaurus,Carnotauro Alfa,variante_verificada_adicional,1
1,Content,4081743115,4081743115,Alpha Corrupted Master Controller,Corrupted Master Controller Alfa,tabla_usuario,0
1,Content,141137330,141137330,Alpha Deathworm,Deathworm Alfa,tabla_usuario,1
1,Content,3646474744,3646474744,Alpha Fire Wyvern,Wyvern de Fuego Alfa,tabla_usuario,1
1,Content,4061836693,4061836693,Alpha Karkinos,Karkinos Alfa,tabla_usuario,1
1,Content,751014492,751014492,Alpha King Titan,King Titan Alfa,tabla_usuario,1
1,Content,755364723,755364723,Alpha Leedsichthys,Leedsichthys Alfa,tabla_usuario,1
1,Content,537730960,537730960,Alpha Megalodon,Megalodon Alfa,tabla_usuario,1
1,Content,1561935578,1561935578,"Alpha Moeder, Master of the Ocean",Moeder Alfa,tabla_usuario,0
1,Content,1353830480,1353830480,Alpha Mosasaur,Mosasaurus Alfa,tabla_usuario,1
1,Content,3546998250,3546998250,Alpha Palaeoctopus,Palaeoctopus Alfa,tabla_usuario,0
1,Content,3317907070,3317907070,Alpha Raptor,Raptor Alfa,tabla_usuario,1
1,Content,2663172621,2663172621,Alpha Skeletal Carnotaurus,Carnotauro esquelético Alfa,variante_verificada_adicional,1
1,Content,180284951,180284951,Alpha Skeletal Fire Wyvern,Wyvern de Fuego esquelético Alfa,variante_verificada_adicional,1
1,Content,3683644862,3683644862,Alpha Skeletal Raptor,Raptor esquelético Alfa,variante_verificada_adicional,1
1,Content,205760133,205760133,Alpha Skeletal Rex,Rex esquelético Alfa,variante_verificada_adicional,1
1,Content,192333333,192333333,Alpha Skeletal T-Rex,Rex esquelético Alfa,variante_verificada_adicional,1
1,Content,3026327265,3026327265,Alpha Surface Reaper King,Reaper King Alfa,tabla_usuario,1
1,Content,2127301140,2127301140,Alpha T-Rex,Rex Alfa,tabla_usuario,1
1,Content,860261664,860261664,Alpha Tusoteuthis,Tusoteuthis Alfa,tabla_usuario,1
1,Content,2390631500,2390631500,Alpha X-Triceratops,Triceratops X Alfa,tabla_usuario,1
1,Content,1324150771,1324150771,Amargasaurus,Amargasaurus,tabla_usuario,1
1,Content,4124907545,4124907545,Ammonite,Amonita,tabla_usuario,1
1,Content,2432956663,2432956663,Andrewsarchus,Andrewsarchus,tabla_usuario,1
1,Content,555419820,555419820,Anglerfish,Pez Abisal,tabla_usuario,1
1,Content,1992228678,1992228678,Anglerfish Ghost,Pez Abisal fantasma,tabla_usuario,0
1,Content,213688630,213688630,Ankylo,Ankylosaurio,alias_base:Ankylosaurus,1
1,Content,4182185208,4182185208,Ankylosaurus,Ankylosaurio,tabla_usuario,1
1,Content,1770493734,1770493734,Ankylosaurus Ghost,Ankylosaurio fantasma,tabla_usuario,0
1,Content,2888864396,2888864396,Araneo,Araneo,tabla_usuario,1
1,Content,2749656155,2749656155,Archaeopteryx,Archaeopteryx,tabla_usuario,1
1,Content,1358490846,1358490846,Archelon,Archelon,tabla_usuario,1
1,Content,1670834554,1670834554,Argentavis,Argentavis,tabla_usuario,1
1,Content,3897019499,3897019499,Argentavis Ghost,Argentavis fantasma,tabla_usuario,0
1,Content,2645276728,2645276728,Armadoggo,Armadoggo,tabla_usuario,1
1,Content,3309767460,3309767460,Arthropluera,Arthropluera,tabla_usuario,1
1,Content,3025017779,3025017779,Astral Argentavis,Argentavis Astral,tabla_usuario,1
1,Content,2591387656,2591387656,Astral Carnotaurus,Carnotauro Astral,tabla_usuario,1
1,Content,2777094041,2777094041,Astral Deinosuchus,Deinosuchus Astral,tabla_usuario,1
1,Content,1232788355,1232788355,Astral Direwolf,Lobo Gigante Astral,tabla_usuario,0
1,Content,1806108310,1806108310,Astral Leedsichthys,Leedsichthys Astral,variante_verificada_adicional,1
1,Content,1749205423,1749205423,Astral Mammoth,Mamut Astral,tabla_usuario,0
1,Content,2548016331,2548016331,Astral Megalodon,Megalodon Astral,tabla_usuario,1
1,Content,273620764,273620764,Astral Mosasaur,Mosasaurus Astral,tabla_usuario,1
1,Content,626916808,626916808,Astral Pulmonoscorpius Monarch,Monarca Pulmonoscorpius Astral,tabla_usuario,0
1,Content,2959982446,2959982446,Astral Raptor,Raptor Astral,tabla_usuario,1
1,Content,295953773,295953773,Astral Rock Drake,Dragón de Roca Astral,tabla_usuario,0
1,Content,3880005309,3880005309,Astral T-Rex,Rex Astral,tabla_usuario,1
1,Content,3832090826,3832090826,Astral Tusoteuthis,Tusoteuthis Astral,tabla_usuario,1
1,Content,2924472279,2924472279,Astrocetus,Astrocetus,tabla_usuario,1
1,Content,1443696505,1443696505,Astrodelphis,Astrodelphis,tabla_usuario,1
1,Content,1528545522,1528545522,Attack Drone,Dron de ataque,tabla_usuario,1
1,Content,969826437,969826437,Aureliax,Aureliax,tabla_usuario,0
1,Content,2788436121,2788436121,Autumn Drakeling,Drakeling de otoño,tabla_usuario,0
1,Content,311695513,311695513,Autumn Drakeling Ghost,Drakeling de otoño fantasma,tabla_usuario,0
1,Content,749186227,749186227,Baryonyx,Baryonyx,tabla_usuario,1
1,Content,3279477621,3279477621,Basilisk,Basilisco,tabla_usuario,1
1,Content,2259069615,2259069615,Basilisk Ghost,Basilisco fantasma,tabla_usuario,1
1,Content,2359864766,2359864766,Basilosaurus,Basilosaurio,tabla_usuario,1
1,Content,3463572911,3463572911,Beelzebufo,Beelzebufo,tabla_usuario,1
1,Content,2710176156,2710176156,Beta Corrupted Master Controller,Corrupted Master Controller Beta,tabla_usuario,0
1,Content,68012890,68012890,Beta King Titan,King Titan Beta,tabla_usuario,1
1,Content,265898573,265898573,"Beta Moeder, Master of the Ocean",Moeder Beta,tabla_usuario,0
1,Content,2503978861,2503978861,Bison,Bisonte,tabla_usuario,0
1,Content,3204773931,3204773931,Bloodstalker,Acechador Sangriento,tabla_usuario,1
1,Content,2597014499,2597014499,Boaratos,Boaratos,tabla_usuario,0
1,Content,4170044689,4170044689,Bone Fire Wyvern,Wyvern de Fuego esquelético,tabla_usuario,1
1,Content,1690172602,1690172602,Bronto,Brontosaurio,alias_base:Brontosaurus,1
1,Content,3240677873,3240677873,Brontosaurus,Brontosaurio,tabla_usuario,1
1,Content,3130187539,3130187539,Broodmother Lysrix,Matriarca Lysrix,tabla_usuario,1
1,Content,3952053016,3952053016,Broodmother Lysrix (Alpha),Matriarca Lysrix Alfa,tabla_usuario,1
1,Content,3214494135,3214494135,Broodmother Lysrix (Beta),Matriarca Lysrix Beta,tabla_usuario,1
1,Content,2586694706,2586694706,Broodmother Lysrix (Gamma),Matriarca Lysrix Gamma,tabla_usuario,1
1,Content,1760991825,1760991825,Brute Araneo,Araneo brutal,tabla_usuario,0
1,Content,63736466,63736466,Brute Araneo ,Araneo brutal,variante_verificada_adicional,1
1,Content,461291798,461291798,Brute Astrocetus,Astrocetus brutal,tabla_usuario,1
1,Content,2177414621,2177414621,Brute Basilosaurus,Basilosaurio brutal,tabla_usuario,1
1,Content,2992955464,2992955464,Brute Bloodstalker,Acechador Sangriento brutal,tabla_usuario,1
1,Content,33417838,33417838,Brute Ferox,Ferox brutal,tabla_usuario,1
1,Content,1833150912,1833150912,Brute Fire Wyvern,Wyvern de Fuego brutal,tabla_usuario,1
1,Content,897012754,897012754,Brute Leedsichthys,Leedsichthys brutal,tabla_usuario,1
1,Content,1171742652,1171742652,Brute Magmasaur,Magmasaur brutal,tabla_usuario,1
1,Content,3288646760,3288646760,Brute Malfunctioned Tek Giganotosaurus,Giganotosaurio Tek averiado brutal,tabla_usuario,1
1,Content,3310828708,3310828708,Brute Malfunctioned Tek Rex,Rex Tek averiado brutal,tabla_usuario,1
1,Content,1081703628,1081703628,Brute Mammoth,Mamut brutal,tabla_usuario,1
1,Content,2127878906,2127878906,Brute Megaloceros,Megaloceros brutal,tabla_usuario,1
1,Content,2583753634,2583753634,Brute Plesiosaur,Plesiosaurio brutal,tabla_usuario,1
1,Content,1116201593,1116201593,Brute Reaper King,Reaper King brutal,tabla_usuario,1
1,Content,2229381050,2229381050,Brute Sarco,Sarco brutal,tabla_usuario,1
1,Content,566595584,566595584,Brute Seeker,Rastreador brutal,tabla_usuario,0
1,Content,2256665479,2256665479,Brute Seeker ,Rastreador brutal,variante_verificada_adicional,1
1,Content,2271079704,2271079704,Brute Tusoteuthis,Tusoteuthis brutal,tabla_usuario,1
1,Content,3877206751,3877206751,Brute X-Allosaurus,Alosaurio X brutal,tabla_usuario,1
1,Content,1630750610,1630750610,Brute X-Megalodon,Megalodon X brutal,tabla_usuario,1
1,Content,1740664207,1740664207,Brute X-Mosasaurus,Mosasaurus X brutal,tabla_usuario,1
1,Content,565918147,565918147,Brute X-Raptor,Raptor X brutal,tabla_usuario,1
1,Content,744465577,744465577,Brute X-Rex,Rex X brutal,tabla_usuario,1
1,Content,752063398,752063398,Brute X-Rock Elemental,Elemental de roca X brutal,tabla_usuario,1
1,Content,1387102229,1387102229,Brute X-Spino,Spino X brutal,tabla_usuario,1
1,Content,3111758435,3111758435,Brute X-Yutyrannus,Yutyrannus X brutal,tabla_usuario,1
1,Content,1738212817,1738212817,Bulbdog,Perro Abisal,tabla_usuario,1
1,Content,1029063403,1029063403,Bulbdog Ghost,Perro Abisal fantasma,tabla_usuario,1
1,Content,2694348922,2694348922,Bunny Dodo,Dodo con orejas de conejo,tabla_usuario,1
1,Content,542015784,542015784,Bunny Oviraptor,Oviraptor con orejas de conejo,tabla_usuario,1
1,Content,3815900198,3815900198,Burrowbuck,Burrowbuck,tabla_usuario,0
1,Content,2730132218,2730132218,Camelsaurus,Morellatops,alias_base:Morellatops,1
1,Content,423168591,423168591,Carbonemys,Carbonemys,tabla_usuario,1
1,Content,285102348,285102348,Carcha,Carcharodontosaurio,alias_base:Carcharodontosaurus,1
1,Content,1320948213,1320948213,Carcharodontosaurus,Carcharodontosaurio,tabla_usuario,1
1,Content,1828200688,1828200688,Carno,Carnotauro,alias_base:Carnotaurus,1
1,Content,1982234202,1982234202,Carnotaurus,Carnotauro,tabla_usuario,1
1,Content,1384149041,1384149041,Castoroides,Castoroides,tabla_usuario,1
1,Content,3291755649,3291755649,Cat,Gato,tabla_usuario,0
1,Content,965236407,965236407,Cat Ghost,Gato fantasma,tabla_usuario,0
1,Content,940628286,940628286,Ceratosaurus,Ceratosaurio,tabla_usuario,1
1,Content,2030038418,2030038418,Ceratosaurus Ghost,Ceratosaurio fantasma,tabla_usuario,0
1,Content,3482516962,3482516962,Chalicotherium,Calicoterio,tabla_usuario,1
1,Content,252611177,252611177,Cnidaria,Cnidaria,tabla_usuario,1
1,Content,1716905276,1716905276,Coelacanth,Celacanto,tabla_usuario,1
1,Content,783650700,783650700,Compy,Compy,tabla_usuario,1
1,Content,1330378407,1330378407,Corrupted Arthropluera,Arthropluera corrupto,tabla_usuario,1
1,Content,2515914392,2515914392,Corrupted Carnotaurus,Carnotauro corrupto,tabla_usuario,1
1,Content,2602257546,2602257546,Corrupted Chalicotherium,Calicoterio corrupto,tabla_usuario,1
1,Content,3546752139,3546752139,Corrupted Deathworm,Deathworm corrupto,variante_verificada_adicional,1
1,Content,3480201776,3480201776,Corrupted Dilophosaur,Dilophosaur corrupto,tabla_usuario,1
1,Content,994328077,994328077,Corrupted Dimorphodon,Dimorphodon corrupto,tabla_usuario,1
1,Content,453930882,453930882,Corrupted Giganotosaurus,Giganotosaurio corrupto,tabla_usuario,1
1,Content,3821723323,3821723323,Corrupted Master Controller,Corrupted Master Controller,tabla_usuario,1
1,Content,3318816004,3318816004,Corrupted Paraceratherium,Paraceratherium corrupto,tabla_usuario,1
1,Content,83119233,83119233,Corrupted Pteranodon,Pteranodon corrupto,tabla_usuario,1
1,Content,2930259306,2930259306,Corrupted Raptor,Raptor corrupto,tabla_usuario,1
1,Content,775135547,775135547,Corrupted Reaper King,Reaper King corrupto,tabla_usuario,1
1,Content,1323823340,1323823340,Corrupted Rex,Rex corrupto,tabla_usuario,1
1,Content,3834837075,3834837075,Corrupted Rock Drake,Dragón de Roca corrupto,tabla_usuario,1
1,Content,4045485069,4045485069,Corrupted Spino,Spino corrupto,tabla_usuario,1
1,Content,1340135329,1340135329,Corrupted Stegosaurus,Estegosaurio corrupto,tabla_usuario,1
1,Content,249948190,249948190,Corrupted Triceratops,Triceratops corrupto,tabla_usuario,1
1,Content,46905135,46905135,Corrupted Wyvern,Wyvern corrupto,tabla_usuario,1
1,Content,1498455511,1498455511,Cosmo,Cosmo,tabla_usuario,1
1,Content,3835213579,3835213579,Cryolophosaurus,Cryolophosaurus,tabla_usuario,0
1,Content,4172548826,4172548826,Daeodon,Daeodon,tabla_usuario,1
1,Content,3609972127,3609972127,Deathworm,Deathworm,tabla_usuario,1
1,Content,1975233688,1975233688,Defense Unit,Unidad de defensa,tabla_usuario,1
1,Content,3752303835,3752303835,Deinonychus,Deinonico,tabla_usuario,1
1,Content,1238637003,1238637003,Deinosuchus,Deinosuchus,tabla_usuario,1
1,Content,2824930080,2824930080,Deinotherium,Deinoterio,tabla_usuario,1
1,Content,1725121390,1725121390,Desert Titan,Titán del Desierto,tabla_usuario,1
1,Content,3540504895,3540504895,Desert Titan Flock,Enjambre del Titán del Desierto,tabla_usuario,1
1,Content,648548492,648548492,Desmodus,Desmodus,tabla_usuario,1
1,Content,1192162576,1192162576,Dilo,Dilophosaur,alias_base:Dilophosaur,1
1,Content,750525170,750525170,Dilophosaur,Dilophosaur,tabla_usuario,1
1,Content,4022439507,4022439507,Dilophosaurus,Dilophosaur,alias_base:Dilophosaur,1
1,Content,1715517563,1715517563,Dimetrodon,Dimetrodon,tabla_usuario,1
1,Content,3568817297,3568817297,Dimorph,Dimorphodon,alias_base:Dimorphodon,1
1,Content,3633811151,3633811151,Dimorphodon,Dimorphodon,tabla_usuario,1
1,Content,2179509525,2179509525,Dinopithecus,Dinopithecus,tabla_usuario,1
1,Content,1353810126,1353810126,Diplo,Diplodocus,alias_base:Diplodocus,1
1,Content,3095560797,3095560797,Diplocaulus,Diplocaulus,tabla_usuario,1
1,Content,3192553414,3192553414,Diplodocus,Diplodocus,tabla_usuario,1
1,Content,2439075901,2439075901,Dire Bear,Oso Gigante,tabla_usuario,1
1,Content,3518707703,3518707703,Direwolf,Lobo Gigante,tabla_usuario,1
1,Content,226593390,226593390,Direwolf Ghost,Lobo Gigante fantasma,tabla_usuario,1
1,Content,2077641541,2077641541,Dodo,Dodo,tabla_usuario,1
1,Content,863813721,863813721,Doedicurus,Doedicurus,tabla_usuario,1
1,Content,4039518408,4039518408,Dragon,Dragon,tabla_usuario,1
1,Content,349329568,349329568,Dragon (Alpha),Dragon Alfa,tabla_usuario,1
1,Content,1404533497,1404533497,Dragon (Beta),Dragon Beta,tabla_usuario,1
1,Content,1701840778,1701840778,Dragon (Gamma),Dragon Gamma,tabla_usuario,1
1,Content,241140602,241140602,Dreadmare,Dreadmare,tabla_usuario,1
1,Content,3641916510,3641916510,Dreadnoughtus,Dreadnoughtus,tabla_usuario,1
1,Content,1003483334,1003483334,Dung Beetle,Escarabajo Pelotero,tabla_usuario,1
1,Content,1345966506,1345966506,Dunkleosteus,Dunkleosteus,tabla_usuario,1
1,Content,2524057926,2524057926,Elderclaw,Elderclaw,tabla_usuario,0
1,Content,192929200,192929200,Electrophorus,Electrophorus,tabla_usuario,1
1,Content,3665283878,3665283878,Enforcer,Ejecutor,tabla_usuario,1
1,Content,2111734914,2111734914,Enraged Corrupted Rex,Rex corrupto enfurecido,tabla_usuario,1
1,Content,2655417375,2655417375,Enraged Lightning Rex,Rex de Rayo enfurecido,tabla_usuario,1
1,Content,2872112212,2872112212,Enraged Lightning Triceratops,Triceratops de Rayo enfurecido,tabla_usuario,1
1,Content,230356834,230356834,Enraged Triceratops,Triceratops enfurecido,tabla_usuario,1
1,Content,1098559342,1098559342,Equus,Equus,tabla_usuario,1
1,Content,1697332452,1697332452,Eurypterid,Eurypterid,tabla_usuario,1
1,Content,135245655,135245655,Exo-Mek,Exo-Mek,tabla_usuario,1
1,Content,1175330063,1175330063,Fasolasuchus,Fasolasuchus,tabla_usuario,1
1,Content,2029814156,2029814156,Featherlight,Pluminoso,tabla_usuario,1
1,Content,4002346247,4002346247,Fenrir,Fenrir,tabla_usuario,1
1,Content,2452083664,2452083664,Ferox,Ferox,tabla_usuario,1
1,Content,435667281,435667281,Ferox (Large),Ferox grande,tabla_usuario,0
1,Content,3794033216,3794033216,Fire Wyvern,Wyvern de Fuego,tabla_usuario,1
1,Content,2639181998,2639181998,Forest Titan,Titán del Bosque,tabla_usuario,1
1,Content,1802120117,1802120117,Forest Wyvern,Wyvern del bosque,tabla_usuario,1
1,Content,2467828878,2467828878,Gacha,Gacha,tabla_usuario,1
1,Content,2578463657,2578463657,Gallimimus,Gallimimus,tabla_usuario,1
1,Content,1667154164,1667154164,Gamma Corrupted Master Controller,Corrupted Master Controller Gamma,tabla_usuario,0
1,Content,2668516310,2668516310,Gamma King Titan,King Titan Gamma,tabla_usuario,1
1,Content,3440216869,3440216869,"Gamma Moeder, Master of the Ocean",Moeder Gamma,tabla_usuario,0
1,Content,2129697459,2129697459,Gasbags,Gasbags,tabla_usuario,1
1,Content,506392919,506392919,Giant Queen Bee,Abeja reina gigante,tabla_usuario,1
1,Content,1451168143,1451168143,Gigadesmodus,Gigadesmodus,tabla_usuario,0
1,Content,1334304490,1334304490,Giganotosaurus,Giganotosaurio,tabla_usuario,1
1,Content,161186839,161186839,Gigantopithecus,Gigantopithecus,tabla_usuario,1
1,Content,414635026,414635026,Gigantoraptor,Gigantoraptor,tabla_usuario,1
1,Content,2231309628,2231309628,Gigantoraptor Ghost,Gigantoraptor fantasma,tabla_usuario,0
1,Content,3455975961,3455975961,Gloon,Gloon,tabla_usuario,0
1,Content,2099973213,2099973213,Glowbug,Electrociérnaga,tabla_usuario,1
1,Content,2536495775,2536495775,Glowtail,Lumigeco,tabla_usuario,1
1,Content,1632825362,1632825362,Golden Striped Brute Megalodon,Megalodon de rayas doradas brutal,tabla_usuario,1
1,Content,2268877438,2268877438,Golden Striped Megalodon,Megalodon de rayas doradas,tabla_usuario,1
1,Content,2989513255,2989513255,Grand Tortugar,Grand Tortugar,tabla_usuario,0
1,Content,1220451898,1220451898,Grendel,Grendel,tabla_usuario,0
1,Content,4177952709,4177952709,Griffin,Grifo,tabla_usuario,1
1,Content,109179675,109179675,Helicoprion,Helicoprion,tabla_usuario,0
1,Content,140730092,140730092,Hesperornis,Hesperornis,tabla_usuario,1
1,Content,2150941112,2150941112,Hover Skiff,Esquife flotante,tabla_usuario,1
1,Content,2078043573,2078043573,Hyaenodon,Hyaenodon,tabla_usuario,1
1,Content,3752894930,3752894930,Hydraskos,Hydraskos,tabla_usuario,0
1,Content,119592459,119592459,Ice Titan,Titán de Hielo,tabla_usuario,1
1,Content,3090290907,3090290907,Ice Wyvern,Wyvern de Hielo,tabla_usuario,1
1,Content,1936179503,1936179503,Ichthyornis,Ichthyornis,tabla_usuario,1
1,Content,1052621544,1052621544,Ichthyosaurus,Ictiosauro,tabla_usuario,1
1,Content,757092185,757092185,Iguanodon,Iguanodon,tabla_usuario,1
1,Content,2486278910,2486278910,Injured Brute Reaper King,Reaper King brutal herido,tabla_usuario,1
1,Content,3494639547,3494639547,Insect Swarm,Enjambre de insectos,tabla_usuario,1
1,Content,2623252154,2623252154,Jerboa,Jerbo,tabla_usuario,1
1,Content,2437361481,2437361481,Jerboa Elf,Jerbo elfo,tabla_usuario,0
1,Content,3958371875,3958371875,Jug Bug,Escarabajo Cántaro,tabla_usuario,1
1,Content,1504063418,1504063418,Kairuku,Kairuku,tabla_usuario,1
1,Content,1324052763,1324052763,Kaprosuchus,Kaprosuchus,tabla_usuario,1
1,Content,707106477,707106477,Karkinos,Karkinos,tabla_usuario,1
1,Content,1440055584,1440055584,Kentrosaurus,Kentrosaurio,tabla_usuario,1
1,Content,3356981365,3356981365,King Titan,King Titan,tabla_usuario,1
1,Content,2213545354,2213545354,Kirayli,Kirayli,tabla_usuario,1
1,Content,3206960854,3206960854,Lamprey,Lamprea,tabla_usuario,1
1,Content,3120837965,3120837965,Leech,Sanguijuela,tabla_usuario,1
1,Content,941050993,941050993,Leedsichthys,Leedsichthys,tabla_usuario,1
1,Content,2220211388,2220211388,Lightning Arthropluera,Arthropluera de Rayo,tabla_usuario,1
1,Content,1759239701,1759239701,Lightning Carnotaurus,Carnotauro de Rayo,tabla_usuario,1
1,Content,4255707617,4255707617,Lightning Chalicotherium,Calicoterio de Rayo,tabla_usuario,1
1,Content,2744095353,2744095353,Lightning Deathworm,Deathworm de Rayo,tabla_usuario,0
1,Content,843168445,843168445,Lightning Dilophosaur,Dilophosaur de Rayo,tabla_usuario,1
1,Content,3328847488,3328847488,Lightning Dimorphodon,Dimorphodon de Rayo,tabla_usuario,1
1,Content,4242143759,4242143759,Lightning Fire Wyvern,Wyvern de Fuego de Rayo,tabla_usuario,0
1,Content,2109592297,2109592297,Lightning Giganotosaurus,Giganotosaurio de Rayo,tabla_usuario,1
1,Content,484314632,484314632,Lightning Infused Rex,Rex de Rayo,tabla_usuario,1
1,Content,2403940691,2403940691,Lightning Paraceratherium,Paraceratherium de Rayo,tabla_usuario,1
1,Content,803870935,803870935,Lightning Pteranodon,Pteranodon de Rayo,tabla_usuario,1
1,Content,81568967,81568967,Lightning Raptor,Raptor de Rayo,tabla_usuario,1
1,Content,3541938614,3541938614,Lightning Reaper King,Reaper King de Rayo,tabla_usuario,1
1,Content,3482102789,3482102789,Lightning Rock Drake,Dragón de Roca de Rayo,tabla_usuario,1
1,Content,3214640853,3214640853,Lightning Spino,Spino de Rayo,tabla_usuario,1
1,Content,2999895852,2999895852,Lightning Stegosaurus,Estegosaurio de Rayo,tabla_usuario,1
1,Content,4090230931,4090230931,Lightning Triceratops,Triceratops de Rayo,variante_verificada_adicional,1
1,Content,2831099522,2831099522,Lightning Wyvern,Wyvern de Rayo,tabla_usuario,1
1,Content,2825481437,2825481437,Liopleurodon,Liopleurodon,tabla_usuario,1
1,Content,837021557,837021557,Lost King,Lost King,tabla_usuario,0
1,Content,1472653575,1472653575,Lost King (Alpha),Lost King Alfa,tabla_usuario,0
1,Content,2985582796,2985582796,Lost King (Beta),Lost King Beta,tabla_usuario,0
1,Content,644134445,644134445,Lost King (Gamma),Lost King Gamma,tabla_usuario,0
1,Content,3842932020,3842932020,Lost Queen,Lost Queen,tabla_usuario,0
1,Content,1233306980,1233306980,Lost Queen (Alpha),Lost Queen Alfa,tabla_usuario,0
1,Content,4104376978,4104376978,Lost Queen (Beta),Lost Queen Beta,tabla_usuario,0
1,Content,941660750,941660750,Lost Queen (Gamma),Lost Queen Gamma,tabla_usuario,0
1,Content,3760714511,3760714511,Lymantria,Lymantria,tabla_usuario,1
1,Content,1438312544,1438312544,Lystro,Listrosaurio,alias_base:Lystrosaurus,1
1,Content,4178705559,4178705559,Lystrosaurus,Listrosaurio,tabla_usuario,1
1,Content,4211349918,4211349918,Maeguana,Maeguana,tabla_usuario,1
1,Content,1318580228,1318580228,Maewing,Maewing,tabla_usuario,1
1,Content,2911741529,2911741529,Magmasaur,Magmasaur,tabla_usuario,1
1,Content,2599131164,2599131164,Malfunctioned Tek Giganotosaurus,Giganotosaurio Tek averiado,tabla_usuario,1
1,Content,1934549745,1934549745,Malfunctioned Tek Parasaur,Parasaurio Tek averiado,tabla_usuario,1
1,Content,351750808,351750808,Malfunctioned Tek Quetzal,Quetzal Tek averiado,tabla_usuario,1
1,Content,4189064012,4189064012,Malfunctioned Tek Raptor,Raptor Tek averiado,tabla_usuario,1
1,Content,1383457331,1383457331,Malfunctioned Tek Rex,Rex Tek averiado,tabla_usuario,1
1,Content,603140897,603140897,Malfunctioned Tek Stegosaurus,Estegosaurio Tek averiado,tabla_usuario,1
1,Content,1339329246,1339329246,Malfunctioned Tek Stryder,Stryder Tek averiado,variante_verificada_adicional,1
1,Content,1660292254,1660292254,Malfunctioned Tek Triceratops,Triceratops Tek averiado,tabla_usuario,1
1,Content,1392967863,1392967863,Malwyn,Malwyn,tabla_usuario,0
1,Content,2617064017,2617064017,Mammoth,Mamut,tabla_usuario,1
1,Content,736133879,736133879,Managarmr,Managarmr,tabla_usuario,1
1,Content,1907790138,1907790138,Manta,Manta,tabla_usuario,1
1,Content,3625109509,3625109509,Manticore,Mantícora,tabla_usuario,1
1,Content,781031855,781031855,Manticore (Alpha),Mantícora Alfa,tabla_usuario,1
1,Content,3833282693,3833282693,Manticore (Beta),Mantícora Beta,tabla_usuario,1
1,Content,1596966533,1596966533,Manticore (Gamma),Mantícora Gamma,tabla_usuario,1
1,Content,2112964941,2112964941,Mantis,Mantis,tabla_usuario,1
1,Content,4004566459,4004566459,Mantis Ghost,Mantis fantasma,tabla_usuario,1
1,Content,1026016009,1026016009,Mega Mek,Mega Mek,tabla_usuario,1
1,Content,765329612,765329612,Megachelon,Megachelon,tabla_usuario,1
1,Content,2885042342,2885042342,Megalania,Megalania,tabla_usuario,1
1,Content,4055050618,4055050618,Megaloceros,Megaloceros,tabla_usuario,1
1,Content,4283385789,4283385789,Megalodon,Megalodon,tabla_usuario,1
1,Content,2589660012,2589660012,Megalodon Ghost,Megalodon fantasma,tabla_usuario,0
1,Content,4129643404,4129643404,Megalosaurus,Megalosaurio,tabla_usuario,1
1,Content,3914472994,3914472994,Meganeura,Meganeura,tabla_usuario,1
1,Content,3294646491,3294646491,Megapithecus,Megapithecus,tabla_usuario,1
1,Content,253689076,253689076,Megapithecus (Alpha),Megapithecus Alfa,tabla_usuario,1
1,Content,968927776,968927776,Megapithecus (Beta),Megapithecus Beta,tabla_usuario,1
1,Content,2126291934,2126291934,Megapithecus (Gamma),Megapithecus Gamma,tabla_usuario,1
1,Content,2814994319,2814994319,Megaraptor,Megaraptor,tabla_usuario,0
1,Content,1771124918,1771124918,Megatherium,Megaterio,tabla_usuario,1
1,Content,2704649900,2704649900,Mek,Mek,tabla_usuario,1
1,Content,1499878952,1499878952,Mesopithecus,Mesopithecus,tabla_usuario,1
1,Content,4059905478,4059905478,Microraptor,Microraptor,tabla_usuario,1
1,Content,1343555142,1343555142,Minotarchos,Minotarchos,tabla_usuario,0
1,Content,745993935,745993935,Minotaur,Minotauro,tabla_usuario,1
1,Content,1301910890,1301910890,"Moeder, Master of the Ocean",Moeder,tabla_usuario,1
1,Content,3730882816,3730882816,Morellatops,Morellatops,tabla_usuario,1
1,Content,2291069800,2291069800,Mosasaur,Mosasaurus,alias_base:Mosasaurus,1
1,Content,195844702,195844702,Mosasaurus,Mosasaurus,tabla_usuario,1
1,Content,3889244888,3889244888,Moschops,Moschops,tabla_usuario,1
1,Content,254602178,254602178,Nameless,Nameless,tabla_usuario,1
1,Content,256329270,256329270,Natrix,Natrix,tabla_usuario,0
1,Content,3105375523,3105375523,Neophyte,Neófito,tabla_usuario,0
1,Content,1225503132,1225503132,Noglin,Noglin,tabla_usuario,1
1,Content,3701578565,3701578565,Nunatak,Nunatak,tabla_usuario,0
1,Content,629395049,629395049,Oasisaur,Oasisaur,tabla_usuario,1
1,Content,3830699704,3830699704,Oil Jug Bug,Escarabajo Cántaro de Aceite,tabla_usuario,1
1,Content,398505941,398505941,Onyc,Onyc,tabla_usuario,1
1,Content,1726023987,1726023987,Ossidon,Ossidon,tabla_usuario,0
1,Content,865388647,865388647,Otter,Nutria,tabla_usuario,1
1,Content,2780890177,2780890177,Otter Ghost,Nutria fantasma,tabla_usuario,0
1,Content,1485503374,1485503374,Overseer,Overseer,tabla_usuario,1
1,Content,2163001649,2163001649,Overseer (Alpha),Overseer Alfa,tabla_usuario,0
1,Content,1617526406,1617526406,Overseer (Beta),Overseer Beta,tabla_usuario,0
1,Content,4048459291,4048459291,Overseer (Gamma),Overseer Gamma,tabla_usuario,0
1,Content,1035265249,1035265249,Oviraptor,Oviraptor,tabla_usuario,1
1,Content,829835875,829835875,Ovis,Ovis,tabla_usuario,1
1,Content,121071176,121071176,Pachy,Pachy,tabla_usuario,1
1,Content,288687104,288687104,Pachycephalosaurus,Pachy,alias_base:Pachy,1
1,Content,3212759608,3212759608,Pachyrhino,Pachyrhinosaurus,alias_base:Pachyrhinosaurus,1
1,Content,3585954611,3585954611,Pachyrhinosaurus,Pachyrhinosaurus,tabla_usuario,1
1,Content,3329776360,3329776360,Palaeoctopus,Palaeoctopus,tabla_usuario,0
1,Content,1001113859,1001113859,Paracer,Paraceratherium,alias_base:Paraceratherium,1
1,Content,2040061984,2040061984,Paraceratherium,Paraceratherium,tabla_usuario,1
1,Content,3374564450,3374564450,Parakeet Fish School,Parakeet Fish School,tabla_usuario,1
1,Content,2141533652,2141533652,Parasaur,Parasaurio,tabla_usuario,1
1,Content,3442772030,3442772030,Parrot,Loro,tabla_usuario,0
1,Content,2462717973,2462717973,Party Dodo,Dodo de fiesta,tabla_usuario,1
1,Content,2433409248,2433409248,Pegomastax,Pegomastax,tabla_usuario,1
1,Content,505706342,505706342,Pegomastax Grouch,Pegomastax gruñón,tabla_usuario,0
1,Content,3984558531,3984558531,Pelagornis,Pelagornis,tabla_usuario,1
1,Content,1720150092,1720150092,Phiomia,Phiomia,tabla_usuario,1
1,Content,1285064016,1285064016,Phoenix,Fénix,tabla_usuario,1
1,Content,2929727987,2929727987,Piranha,Piraña,tabla_usuario,1
1,Content,3793583111,3793583111,Pirate,Pirata,tabla_usuario,0
1,Content,791795043,791795043,Plesiosaur,Plesiosaurio,tabla_usuario,1
1,Content,456410616,456410616,Poison Wyvern,Wyvern de Veneno,tabla_usuario,1
1,Content,1516500647,1516500647,Procoptodon,Procoptodon,tabla_usuario,1
1,Content,639476598,639476598,Pteranodon,Pteranodon,tabla_usuario,1
1,Content,3277409827,3277409827,Pulmonoscorpius,Pulmonoscorpio,tabla_usuario,1
1,Content,1232938909,1232938909,Pulmonoscorpius Monarch,Monarca Pulmonoscorpius,tabla_usuario,0
1,Content,2218861549,2218861549,Purlovia,Purlovia,tabla_usuario,1
1,Content,1511509477,1511509477,Pyromane,Pyromane,tabla_usuario,1
1,Content,2262434173,2262434173,Quetz,Quetzal,alias_base:Quetzal,1
1,Content,347259513,347259513,Quetzal,Quetzal,tabla_usuario,1
1,Content,2140010223,2140010223,Quetzalcoatlus,Quetzal,alias_base:Quetzal,1
1,Content,1509530478,1509530478,Raptor,Raptor,tabla_usuario,1
1,Content,4288109277,4288109277,Rare X-Sabertooth Salmon,Salmón Dientes de Sable X raro,tabla_usuario,0
1,Content,1965810463,1965810463,Ravager,Asolador,tabla_usuario,1
1,Content,3449682063,3449682063,Reaper,Reaper,tabla_usuario,1
1,Content,3454013945,3454013945,Reaper King,Reaper King,tabla_usuario,1
1,Content,3908435345,3908435345,Reaper King (Tamed),Reaper King domesticado,tabla_usuario,0
1,Content,1450100961,1450100961,Reaper Prince,Reaper príncipe,tabla_usuario,1
1,Content,1660798873,1660798873,Reaper Queen,Reaper Queen,tabla_usuario,1
1,Content,2635408464,2635408464,Rex,Rex,tabla_usuario,1
1,Content,927721160,927721160,Rex Ghost,Rex fantasma,tabla_usuario,1
1,Content,3360748354,3360748354,Rhyniognatha,Rhyniognatha,tabla_usuario,1
1,Content,3913920783,3913920783,Rhyniognatha Drone,Dron de Rhyniognatha,tabla_usuario,0
1,Content,3329955748,3329955748,Rock Drake,Dragón de Roca,tabla_usuario,1
1,Content,1943598285,1943598285,Rock Elemental,Elemental de roca,tabla_usuario,1
1,Content,3794606359,3794606359,Rockwell,Rockwell,tabla_usuario,1
1,Content,3728458575,3728458575,Rockwell (Alpha),Rockwell Alfa,tabla_usuario,1
1,Content,203112718,203112718,Rockwell (Beta),Rockwell Beta,tabla_usuario,1
1,Content,2946079845,2946079845,Rockwell (Gamma),Rockwell Gamma,tabla_usuario,1
1,Content,3150262646,3150262646,Roll Rat,Rotorrata,tabla_usuario,1
1,Content,1668612741,1668612741,Rubble Golem,Gólem de Escombros,tabla_usuario,1
1,Content,1546590221,1546590221,S-Acro,Acrocanthosaurio S,tabla_usuario,0
1,Content,2589276025,2589276025,S-Allosaurus,Alosaurio S,tabla_usuario,0
1,Content,700108569,700108569,S-Andrewsarchus,Andrewsarchus S,tabla_usuario,0
1,Content,723951976,723951976,S-Ankylo,Ankylosaurio S,tabla_usuario,0
1,Content,1306966032,1306966032,S-Ankylosaurus,Ankylosaurio S,tabla_usuario,0
1,Content,2343211730,2343211730,S-Araneo,Araneo S,tabla_usuario,0
1,Content,1924567821,1924567821,S-Argentavis,Argentavis S,tabla_usuario,0
1,Content,940114262,940114262,S-Basilosaurus,Basilosaurio S,tabla_usuario,0
1,Content,3348292776,3348292776,S-Carcharodontosaurus,Carcharodontosaurio S,tabla_usuario,0
1,Content,217977616,217977616,S-Casteroides,Castoroides S,tabla_usuario,0
1,Content,37355970,37355970,S-Castoroides,Castoroides S,tabla_usuario,0
1,Content,3570800318,3570800318,S-Cat,Gato S,tabla_usuario,0
1,Content,2360440278,2360440278,S-Ceratosaurus,Ceratosaurio S,tabla_usuario,0
1,Content,4257392048,4257392048,S-Daeodon,Daeodon S,tabla_usuario,0
1,Content,2401103144,2401103144,S-Deinonychus,Deinonico S,tabla_usuario,0
1,Content,426666040,426666040,S-Deinosuchus,Deinosuchus S,tabla_usuario,0
1,Content,2836936521,2836936521,S-Desmodus,Desmodus S,tabla_usuario,0
1,Content,1815924418,1815924418,S-Direbear,Oso Gigante S,tabla_usuario,0
1,Content,1577783346,1577783346,S-Direwolf,Lobo Gigante S,tabla_usuario,0
1,Content,576502318,576502318,S-Doedicurus,Doedicurus S,tabla_usuario,0
1,Content,3835198786,3835198786,S-Dunkleosteus,Dunkleosteus S,tabla_usuario,0
1,Content,4071600615,4071600615,S-Fasolasuchus,Fasolasuchus S,tabla_usuario,0
1,Content,3373593945,3373593945,S-Fenrir,Fenrir S,tabla_usuario,0
1,Content,2996710323,2996710323,S-Fire Wyvern,Wyvern de Fuego S,tabla_usuario,0
1,Content,4235251887,4235251887,S-Griffin,Grifo S,tabla_usuario,0
1,Content,1446740712,1446740712,S-Helicoprion,Helicoprion S,tabla_usuario,0
1,Content,2836554412,2836554412,S-Ice Wyvern,Wyvern de Hielo S,tabla_usuario,0
1,Content,2598479157,2598479157,S-Lighting Wyvern,Wyvern de Rayo S,tabla_usuario,0
1,Content,2299882141,2299882141,S-Lightning Wyvern,Wyvern de Rayo S,tabla_usuario,0
1,Content,1957969499,1957969499,S-Maeguana,Maeguana S,tabla_usuario,0
1,Content,1273061230,1273061230,S-Maewing,Maewing S,tabla_usuario,0
1,Content,1222563841,1222563841,S-Magmasaur,Magmasaur S,tabla_usuario,0
1,Content,3962137732,3962137732,S-Magmasaurus,Magmasaur S,tabla_usuario,0
1,Content,3467902127,3467902127,S-Managarmr,Managarmr S,tabla_usuario,0
1,Content,1516980499,1516980499,S-Mantis,Mantis S,tabla_usuario,0
1,Content,438057445,438057445,S-Megalodon,Megalodon S,tabla_usuario,0
1,Content,1116010340,1116010340,S-Megalosaurus,Megalosaurio S,tabla_usuario,0
1,Content,3068730872,3068730872,S-Megaraptor,Megaraptor S,tabla_usuario,0
1,Content,445390889,445390889,S-Mosasaurus,Mosasaurus S,tabla_usuario,0
1,Content,1670882905,1670882905,S-Ossidon,Ossidon S,tabla_usuario,0
1,Content,204966920,204966920,S-Otter,Nutria S,tabla_usuario,0
1,Content,1041346324,1041346324,S-Plesiosaur,Plesiosaurio S,tabla_usuario,0
1,Content,2743955990,2743955990,S-Poison Wyvern,Wyvern de Veneno S,tabla_usuario,0
1,Content,521058833,521058833,S-Queen Bee,Abeja reina gigante S,tabla_usuario,0
1,Content,3926390993,3926390993,S-Reaper,Reaper S,tabla_usuario,0
1,Content,2381776495,2381776495,S-Rex,Rex S,tabla_usuario,0
1,Content,2096193450,2096193450,S-Rhyniognatha,Rhyniognatha S,tabla_usuario,0
1,Content,3613093331,3613093331,S-Rock Drake,Dragón de Roca S,tabla_usuario,0
1,Content,3089342692,3089342692,S-Rockdrake,Dragón de Roca S,tabla_usuario,0
1,Content,1494634149,1494634149,S-Shinehorn,Lumiasta S,tabla_usuario,0
1,Content,4085177535,4085177535,S-Snow Owl,Búho de las Nieves S,tabla_usuario,0
1,Content,2253924679,2253924679,S-Spino,Spino S,tabla_usuario,0
1,Content,1983286536,1983286536,S-Spinosaurus,Spino S,tabla_usuario,0
1,Content,4183657498,4183657498,S-Therizinosaur,Therizinosaur S,tabla_usuario,0
1,Content,2950810511,2950810511,S-Therizinosaurus,Therizinosaur S,tabla_usuario,0
1,Content,1269263652,1269263652,S-Thylacoleo,Thylacoleo S,tabla_usuario,0
1,Content,3180079407,3180079407,S-Triceratops,Triceratops S,tabla_usuario,0
1,Content,3353429175,3353429175,S-Trike,Triceratops S,tabla_usuario,0
1,Content,3859147875,3859147875,S-Unicorn,Unicornio S,tabla_usuario,0
1,Content,2763074333,2763074333,S-Velonasaur,Velonasaurio S,tabla_usuario,0
1,Content,3291867077,3291867077,S-Yutyrannus,Yutyrannus S,tabla_usuario,0
1,Content,42845719,42845719,Sabertooth,Dientes de Sable,tabla_usuario,1
1,Content,3257943465,3257943465,Sabertooth Salmon,Salmón Dientes de Sable,tabla_usuario,1
1,Content,389783044,389783044,Sarco,Sarco,tabla_usuario,1
1,Content,383319169,383319169,Sarcosuchus,Sarco,alias_base:Sarco,1
1,Content,3581464974,3581464974,Sarcosuchus ,Sarco,alias_base:Sarco,1
1,Content,3901604306,3901604306,Scorched Acrocanthosaurus,Acrocanthosaurio Scorched,tabla_usuario,0
1,Content,1071693639,1071693639,Scout,Explorador,tabla_usuario,1
1,Content,3842218205,3842218205,Seeker,Rastreador,tabla_usuario,1
1,Content,3030098044,3030098044,Shadowmane,Shadowmane,tabla_usuario,1
1,Content,2613943328,2613943328,Shastasaurus,Shastasaurus,tabla_usuario,1
1,Content,3158651133,3158651133,Shinehorn,Lumiasta,tabla_usuario,1
1,Content,3798855673,3798855673,Sinomacrops,Sinomacrops,tabla_usuario,1
1,Content,1190209580,1190209580,Sinomacrops ,Sinomacrops,alias_base:Sinomacrops,1
1,Content,4180875517,4180875517,Sir-5rM8,Sir-5rM8,tabla_usuario,0
1,Content,59756635,59756635,Skeletal Bronto,Brontosaurio esquelético,tabla_usuario,1
1,Content,3032430512,3032430512,Skeletal Carnotaurus,Carnotauro esquelético,tabla_usuario,1
1,Content,549262250,549262250,Skeletal Fire Wyvern,Wyvern de Fuego esquelético,tabla_usuario,0
1,Content,3954154212,3954154212,Skeletal Giganotosaurus,Giganotosaurio esquelético,tabla_usuario,1
1,Content,4217997915,4217997915,Skeletal Jerboa,Jerbo esquelético,tabla_usuario,1
1,Content,1971387178,1971387178,Skeletal Quetzal,Quetzal esquelético,tabla_usuario,1
1,Content,1053538191,1053538191,Skeletal Raptor,Raptor esquelético,tabla_usuario,1
1,Content,424745351,424745351,Skeletal Rex,Rex esquelético,tabla_usuario,1
1,Content,1649185466,1649185466,Skeletal Stego,Estegosaurio esquelético,tabla_usuario,1
1,Content,3984713063,3984713063,Skeletal Trike,Triceratops esquelético,tabla_usuario,1
1,Content,2531617036,2531617036,Skeleton,Esqueleto,tabla_usuario,0
1,Content,2093939578,2093939578,Snow Owl,Búho de las Nieves,tabla_usuario,1
1,Content,3651685258,3651685258,Snow Owl Ghost,Búho de las Nieves fantasma,tabla_usuario,1
1,Content,1470388739,1470388739,Solwyn,Solwyn,tabla_usuario,0
1,Content,3120262440,3120262440,Spino,Spino,tabla_usuario,1
1,Content,3775569118,3775569118,Spino ,Spino,alias_base:Spino,1
1,Content,2677587054,2677587054,Spino Ghost,Spino fantasma,tabla_usuario,0
1,Content,646774011,646774011,Spinosaurus,Spino,alias_base:Spino,1
1,Content,2939575409,2939575409,Spring Drakeling,Drakeling de primavera,tabla_usuario,0
1,Content,3344147613,3344147613,Spring Drakeling Ghost,Drakeling de primavera fantasma,tabla_usuario,0
1,Content,2005890821,2005890821,Stego,Estegosaurio,alias_base:Stegosaurus,1
1,Content,2889049955,2889049955,Stegosaurus,Estegosaurio,tabla_usuario,1
1,Content,131910741,131910741,Summer Drakeling,Drakeling de verano,tabla_usuario,0
1,Content,1086578386,1086578386,Summer Drakeling Ghost,Drakeling de verano fantasma,tabla_usuario,0
1,Content,856924413,856924413,Surface Reaper King Ghost,Reaper King de superficie fantasma,tabla_usuario,1
1,Content,3939289472,3939289472,Tapejara,Tapejara,tabla_usuario,1
1,Content,2776681226,2776681226,Tek Giganotosaurus,Giganotosaurio Tek,tabla_usuario,1
1,Content,669735558,669735558,Tek Mosasaurus,Mosasaurus Tek,variante_verificada_adicional,1
1,Content,807119549,807119549,Tek Parasaur,Parasaurio Tek,tabla_usuario,1
1,Content,3591635647,3591635647,Tek Quetzal,Quetzal Tek,tabla_usuario,1
1,Content,2258312592,2258312592,Tek Raptor,Raptor Tek,tabla_usuario,1
1,Content,740759709,740759709,Tek Rex,Rex Tek,tabla_usuario,1
1,Content,3258139444,3258139444,Tek Stegosaurus,Estegosaurio Tek,tabla_usuario,1
1,Content,1796275303,1796275303,Tek Strider,Stryder Tek,alias_base:Tek Stryder,1
1,Content,2369241849,2369241849,Tek Stryder,Stryder Tek,tabla_usuario,1
1,Content,2201386123,2201386123,Tek Triceratops,Triceratops Tek,tabla_usuario,1
1,Content,1718223748,1718223748,Terror Bird,Ave del terror,tabla_usuario,1
1,Content,4179908520,4179908520,Thanatos,Thanatos,tabla_usuario,1
1,Content,3788050979,3788050979,Therizino,Therizinosaur,alias_base:Therizinosaur,1
1,Content,1105509364,1105509364,Therizinosaur,Therizinosaur,tabla_usuario,1
1,Content,1225614952,1225614952,Therizinosaurus,Therizinosaur,alias_base:Therizinosaur,1
1,Content,1557261119,1557261119,Thodes,Thodes,tabla_usuario,0
1,Content,2973216664,2973216664,Thorny Dragon,Diablo Espinoso,tabla_usuario,1
1,Content,1009433610,1009433610,Thrall,Thrall,tabla_usuario,0
1,Content,651603018,651603018,Thrall Marauder,Merodeador de esclavos,tabla_usuario,0
1,Content,2247501338,2247501338,Thrall Warden,Guardián de esclavos,tabla_usuario,0
1,Content,1518802771,1518802771,Thylacoleo,Thylacoleo,tabla_usuario,1
1,Content,4069637394,4069637394,Tidepup,Tidepup,tabla_usuario,0
1,Content,223443945,223443945,Titanoboa,Titanoboa,tabla_usuario,1
1,Content,1380665162,1380665162,Titanomyrma,Titanomyrma,tabla_usuario,1
1,Content,2537516384,2537516384,Titanosaur,Titanosaurio,tabla_usuario,1
1,Content,3979761884,3979761884,Triceratops,Triceratops,tabla_usuario,1
1,Content,4165075160,4165075160,Trike,Triceratops,alias_base:Triceratops,1
1,Content,2729687367,2729687367,Trilobite,Trilobite,tabla_usuario,1
1,Content,2475404577,2475404577,Troodon,Troodon,tabla_usuario,1
1,Content,652461157,652461157,Tropeognathus,Tropeognathus,tabla_usuario,1
1,Content,138026648,138026648,Tusoteuthis,Tusoteuthis,tabla_usuario,1
1,Content,1760328547,1760328547,Umbra,Umbra,tabla_usuario,0
1,Content,3815981833,3815981833,Unicorn,Unicornio,tabla_usuario,1
1,Content,688061800,688061800,Valentines Coelacanth,Celacanto de San Valentín,tabla_usuario,0
1,Content,2989109718,2989109718,Veilwyn,Veilwyn,tabla_usuario,0
1,Content,1992156877,1992156877,Veilwyn Ghost,Veilwyn fantasma,tabla_usuario,0
1,Content,3046199658,3046199658,Velonasaur,Velonasaurio,tabla_usuario,1
1,Content,1016162220,1016162220,Voidwyrm,Voidwyrm,tabla_usuario,1
1,Content,363805421,363805421,Vulture,Buitre,tabla_usuario,1
1,Content,3905649051,3905649051,Water Jug Bug,Escarabajo Cántaro de Agua,tabla_usuario,1
1,Content,2914059889,2914059889,Winter Drakeling,Drakeling de invierno,tabla_usuario,0
1,Content,3761559004,3761559004,Winter Drakeling Ghost,Drakeling de invierno fantasma,tabla_usuario,0
1,Content,1291296548,1291296548,Woolly Rhino,Rinoceronte Lanudo,tabla_usuario,1
1,Content,4120516907,4120516907,Wyvern,Wyvern,tabla_usuario,1
1,Content,2594631588,2594631588,X-Acrocanthosaurus,Acrocanthosaurio X,tabla_usuario,0
1,Content,3933823676,3933823676,X-Allosaurus,Alosaurio X,tabla_usuario,1
1,Content,2280723153,2280723153,X-Ankylosaurus,Ankylosaurio X,tabla_usuario,1
1,Content,2408053356,2408053356,X-Archelon,Archelon X,tabla_usuario,0
1,Content,43697864,43697864,X-Argentavis,Argentavis X,tabla_usuario,1
1,Content,4062096279,4062096279,X-Basilosaurus,Basilosaurio X,tabla_usuario,1
1,Content,842825496,842825496,X-Cryolophosaurus,Cryolophosaurus X,tabla_usuario,0
1,Content,1539211461,1539211461,X-Deinosuchus,Deinosuchus X,tabla_usuario,0
1,Content,4250342525,4250342525,X-Dragon,Dragon X,variante_verificada_adicional,1
1,Content,781178755,781178755,X-Dunkleosteus,Dunkleosteus X,tabla_usuario,1
1,Content,350972437,350972437,X-Helicoprion,Helicoprion X,tabla_usuario,0
1,Content,3794301931,3794301931,X-Ichthyosaurus,Ictiosauro X,tabla_usuario,1
1,Content,3998528530,3998528530,X-Megalodon,Megalodon X,tabla_usuario,1
1,Content,1788900844,1788900844,X-Mosasaurus,Mosasaurus X,tabla_usuario,1
1,Content,54944711,54944711,X-Otter,Nutria X,tabla_usuario,1
1,Content,2939955251,2939955251,X-Paraceratherium,Paraceratherium X,tabla_usuario,1
1,Content,2698650470,2698650470,X-Parasaur,Parasaurio X,tabla_usuario,1
1,Content,1416144859,1416144859,X-Raptor,Raptor X,tabla_usuario,1
1,Content,3213204759,3213204759,X-Rex,Rex X,tabla_usuario,1
1,Content,2084574796,2084574796,X-Rock Elemental,Elemental de roca X,tabla_usuario,1
1,Content,1669458341,1669458341,X-Sabertooth,Dientes de Sable X,tabla_usuario,1
1,Content,1271823244,1271823244,X-Sabertooth Salmon,Salmón Dientes de Sable X,tabla_usuario,1
1,Content,2301216392,2301216392,X-Spino,Spino X,tabla_usuario,1
1,Content,900980530,900980530,X-Tapejara,Tapejara X,tabla_usuario,1
1,Content,4284269010,4284269010,X-Triceratops,Triceratops X,tabla_usuario,1
1,Content,843159821,843159821,X-Woolly Rhino,Rinoceronte Lanudo X,tabla_usuario,1
1,Content,1484998422,1484998422,X-Xiphactinus,Xiphactinus X,tabla_usuario,0
1,Content,3021582848,3021582848,X-Yutyrannus,Yutyrannus X,tabla_usuario,1
1,Content,1256840728,1256840728,Xiphactinus,Xiphactinus,tabla_usuario,1
1,Content,660386068,660386068,Yeti,Yeti,tabla_usuario,1
1,Content,883160905,883160905,Yi Ling,Yi Ling,tabla_usuario,1
1,Content,3574963634,3574963634,Yutyrannus,Yutyrannus,tabla_usuario,1
1,Content,1476394938,1476394938,Zombie Fire Wyvern,Wyvern de Fuego zombi,tabla_usuario,1
1,Content,1774488354,1774488354,Zombie Lightning Wyvern,Wyvern de Rayo zombi,tabla_usuario,1
1,Content,3235043899,3235043899,Zombie Poison Wyvern,Wyvern de Veneno zombi,tabla_usuario,1
